audio,text
clip_0001.wav,"Dünyanın sonu nə deməkdir ki, dünyanın sonu o demək deyil ki, su gəlib dünyanı bassın evlər və insanlar sualtında qalsın, yox, dünyanın sonu elə bu gündür."
clip_0002.wav,"Gəzən cismimizdir. ruhumuz, mənəviyyatımız ölüb."
clip_0003.wav,"Birinci Qarabağ döyüşçüsü."
clip_0004.wav,"Arzunu ev dustaqlığına buraxılanda milli bayram kimi qeyd olunurdu, bu ölkədə əxlaq və mənəviyyat çox ucuzlaşıb."
clip_0005.wav,"Dünyanın sonu bir neçə illər sonra deyir dağılacaq."
clip_0006.wav,"İnsanlar dünyanın sonu deyəndə hamının ağılına qiyamət gəlir böyük zəlzələ, vulkanlar, zəlzələlər."
clip_0007.wav,"Bir tərəfdə Vətən oğlunun da sağlamlığını itirmiş qazilər, veteranlar, şəhidlər."
clip_0008.wav,"Digər tərəfdə də bəzən heç bir istimai faydası olmayan, qalmaqallarla gündəçə gələnlər."
clip_0009.wav,"Ölkəndən əsas müzakirəsinə çevrilib."
clip_0010.wav,"Bir vaxt müəllimə hörmət vardı, alimə hörmət vardı, hərkimə ƏsgƏrƏ hörmƏt vardı, bu gün isƏ bƏzƏn Ən çox tanınan insanlar sosial mediada mƏşhur olan o."
clip_0011.wav,"Qarmaqalmaqalla gündəmə gələnlərdir."
clip_0012.wav,"Məşhur olmaq pis deyil, ancaq məşhurluq faydalı işin nəticəsində qazanılmalıdır, insanlara örnək olmaq məsuliyyətdir."
clip_0013.wav,"Bu gün gənclərə gəlin bir sual verək, tutalım, Karate üzrə dünya çempionu Rafael Ağayevi neçə nəfər tanıyır?"
clip_0014.wav,"Milli qəhrəman Albert Ağarunov neçə nəfər tanıyır?"
clip_0015.wav,"Xalq artisi Rəşid Behbudovu, kinomuzun dahisi Həsən Məmmədovu neçə nəfər tanıyır?"
clip_0016.wav,"Sosial media qəhrəmanlarından."
clip_0017.wav,"baboşu, Velizarı, Adəmi."
clip_0018.wav,"Sabah hansı cəmiyyətdən söhbət gedəcək?"
clip_0019.wav,"Mən heç kəsin təhqir olunmasını istəmirəm, heç kəsin hüququnun da tapdalanmasını istəmərəm, qanun hər kəs süni eyni olmalıdır, amma eyni zamanda istəyirəm ki."
clip_0020.wav,"Problem iqtisadiyyatda deyil."
clip_0021.wav,"Bir insanın daxilindədir."
clip_0022.wav,"Mənəviyyat ucuzlaşanda, əxlaq ikinci plana keçən də."
clip_0023.wav,"Bəziləri indi düşünür ki, dünyanın sonu bir gün qəfil gələcək."
clip_0024.wav,"Hər şeyi dəyişmək mümkündür, əgər biz əlimizdəki telefonları kənaraq qoyub kitaba başlasaq,"
clip_0025.wav,"Övladlara düzgün örnək göstərsək, qəhrəmanları tanıtsaq, vicdanı yenidən həyatın mərkəzinə gətirsək."
clip_0026.wav,"Onda dünyanın sonunu yox, başlanğıcını yaşayarıq, çünki dünyanın taleyini zəlzələlər yox, insanların vicdanları müəyyən edir."
clip_0027.wav,"Allah bu xalqın mənəviyyatını, vicdanını, milli dəyərlərini qorusun."
clip_0028.wav,"Əgər ruhumuz yaşırsa, dünyada yaşayır, əgər ruhumuz ölübsə, dünyanın sonu artıq başlayır."
clip_0029.wav,"Çıxışımın nəticəsi olaraq."
clip_0030.wav,"Ayaqlar altına satılsın, mənim üçün dünyanın sonu budur."
clip_0031.wav,"Bir daha deyirəm, bir gəncdən bu gün soruşsaq ki, Azərbaycan bayrağını ucaldan bir nəfəri tanıyırsanmı? tanımayacaq."
clip_0032.wav,"Amma sosial şəbəkə qışqıranlarını, qəhrəmanlarını əzbər bilirlər, problem gənclərdə deyil."
clip_0033.wav,"Problem onlara kimi örnək göstərməyinizdədir."
clip_0034.wav,"Ən böyük faciə dediyim kimi zəlzəla, daşqım deyil, ən böyük faciə insanının öz vicdanı qarşısında hesabat verməməsi, vicdanı itirməsi."
clip_0035.wav,"Yalan alqışlananda doğrular."
clip_0036.wav,"Və xahiş edirəm kanalıma abun olun, bəyənin paylaşın, növbəti mövzularda görüşmək ümidi ilə. Sağ olun."
clip_0037.wav,"Rus məktəbləri bağlanırmı?"
clip_0040.wav,"Vətəndaş mövqeyimlə, rayət İmamƏliyev."
clip_0041.wav,"Deyim necə. Putini görəndə mənim bir tağı daim var, o yadıma düşür, uşaq vaxtı, məni və qardaşımı."
clip_0042.wav,"Putinin siyasəti ilə mənim Tağı dayının siyasəti eyni şeydir."
clip_0043.wav,"Sən rus dilində nə qədər danışırsan danış, amma sənin soyun, kökün o mədəniyyəti qəbul etməyəcək."
clip_0044.wav,"Sənin mənəvi aləmin o mədəniyyəti qəbul edə bilməz."
clip_0045.wav,"Dəfələrlə marketdə görmüşəm mən, bir rus qadını bir çörək alır, yaşlı qadındır, kassada növbədə durub gözləyir."
clip_0046.wav,"Amma bizimkilərin bir nümayəndəmiz mütləq."
clip_0047.wav,"Düşmənimiz də olsa budur da, Rus mədəniyyəti Azərbaycanın mədəniyyətini işğal edib."
clip_0048.wav,"Elə bu gün, hər gün, elə bir gün yoxdur ki, kiminsə dediyindən uje prosto və digər bir rus kəlmələri çıxmasın."
clip_0049.wav,"Ailə kiçik dövlətdir."
clip_0050.wav,"Rus dilli məktəblər niyə dövlət tərəfindən maliyyələşmənlidir?"
clip_0051.wav,"Azərbaycan dövləti rus dilində təhsil verən məktəbləri."
clip_0052.wav,"Dövlət hesabından maliyyələşdirməlidirmi?"   
clip_0053.wav,"Yəni qışacası bizim pulumuzdur. Niyə rus məktəblərində təsir səviyyəsi yüksəkdir, Azərbaycan məktəblərində isə eyni keyfiyyat yoxdur?"
clip_0054.wav,"Əgər söhbət xarici dildə təhsildən gedirsə, nəyə görə dövlət büdcəsi hesabına geniş şəkildə məhz rus dilli məktəblər fəaliyyət göstərməlidir?"
clip_0055.wav,"Niyə eyni miqyasda ingilis dilli və ya küş dilli dövlət məktəbləri yoxdur?"
clip_0056.wav,"Əgər məqsəd sırf şagirdlərə xarici dil öyrətməkdirsə, o zaman bu imkan niyə yalnız bir dilə xarici dil kimi rus dilinə?"
clip_0057.wav,"Tətbiq olunub.  bu sualın cavabını mən tapa bilmirəm."
clip_0058.wav,"Rus dilli məktəblərə xərclənir mənim pulum."
clip_0059.wav,"Əsas təhsil dedi, dövlət dedi."
clip_0060.wav,"Xarici fənlərdə yüksək səviyyədə tədris olunur."
clip_0061.wav,"Heç kimin ana dilini öyrənməyi hüquqi müzakirəsi getmirək burda, dediyim kimi."
clip_0062.wav,"Dövlət büdcəsinin niyə bura bölüşdürülməsidir?"
clip_0063.wav,"Dövlət büdcəsi xalqın vəsaitidir, xalqda sual vermək hüququna malikdir, rus dili öyrənilsinmi, bəli, ingilis dili vacibdirmi, əlbəttə."
clip_0064.wav,"türk  dili öyrənilməlidir mütləq, fars dili, Çin dili."
clip_0065.wav,"Ancaq əsas təhsil dili, Azərbaycan dili olmalıdır."
clip_0066.wav,"Mədəni şəkildə müzakirə aparaq, çünki bu məsələ siyasətdən daha çox gələcək nəsillərin təhsilinə və ölkənin gələcəyilə də bağlı bir məsələdir."
clip_0067.wav,"Əziz izləyicilər, kim məşhur olmağı istəyir ?"
clip_0068.wav,"Raiyyət İmaməlliyev vətəndaş mövqeyilə qarşınızdayam, kim gündəmdə qalmaq istəyir, çevrilmək istəyir."
clip_0069.wav,"Çıxsın sosial şəbəkədə, ya da efirdə, ağlına gələni danışsın, amma təhqiri də, tənqidi də qəbul etməlidir."
clip_0070.wav,"Gözü almalıdır, el dilində desək , yeməlidir."
clip_0071.wav,"Hamı bacarar mı?"
clip_0072.wav,"kim bacararsa, onda bu videoya baxsın."
clip_0073.wav,"Evin yuxarı başında olan televizordan bərk yapışmalıdır və hətta lazımdırsa."
clip_0074.wav,"insafən, bacarır da."
clip_0075.wav,"Bacarır. Mirşahın deyir ki, televiziyalar milli mentaliteti təbliğ edir, hamı baxmalıdır."
clip_0076.wav,"Qardaş, qadan alım, iki uşaq anası."
clip_0077.wav,"Dörd dəfə ərə gedib boşanan bir ekspertin, xanımın, gəlib efirdə ailə dəyərlərinin sağlığından danışmağıdırmı?"
clip_0078.wav,"Mirşahın deyir ki,"
clip_0079.wav,"Televiziya baxmamaq, dişləri yumamaq, Çimməmək kimi bir şeydir."
clip_0080.wav,"Bu gün televiziya baxanların çoxu da elə dişlərini yumayanlar, çimməyənlər."
clip_0081.wav,"Ucqar bir dağ kəndində suyu qazı gəlməyən ahıl yaşlı qocalardı."
clip_0082.wav,"televiziyaya baxın, cavan baxmır ki."
clip_0083.wav,"Özünüz də gözəl bilirsiz niyə televizora baxılmır?"
clip_0084.wav,"Eyni qonaqlar, şo xarakter, əxlaqsızlığın təbliği."
clip_0085.wav,Televiziya təkcə əyləncə vasitəsi deyil.
clip_0086.wav,"Tamaşaçı televiziyadan, obyektivlik, problemlərin həllini görmək istəyir."
clip_0087.wav,"Qazı işığı qaldırıb elə hər şey əladır, yaxşıdır, zordu, bizdən başqası yoxdur demək də deyil ki, kor-kor  gör-gör də qardaş."
clip_0088.wav,"Mən sosial şəbəkələrdə hadisələri televiziyadan, daha tez."
clip_0089.wav,"Daha obyektiv xəbər tuturam, onda neyləyirəm televizoru?"
clip_0090.wav,"Mirşahın deyir ki, hamı televiziyaya baxmalıdır, bəs yaxşı, bu insanlar televiziyada niyə uzaqlaşır?"
clip_0091.wav,"Hamı televiziya izləməlidir, hətta televiziya izləməmək."
clip_0092.wav,"Diş yumamaq, çimməmək kimi."
clip_0093.wav,"Təqdim edildi. Bu fikirlə razılaşmayanlardan biri, bəlkə birincisi də mənəm."
clip_0094.wav,"Çünki burda əsas sual budur. İnsanlar niyə televiziyaya baxmırdılar? Bu sualın cavabını əslində biz tamaşaçıların özündən soruşmaq lazım deyil."
clip_0095.wav,"illər əvvəl televiziya evimizin baş guşəsində idi."
clip_0096.wav,"Bu gün insanların böyük hissəsi xəbəri mobil telefondan alır."   
clip_0097.wav,"Sosial şəbəkələr hadisəni saniyələr içində yayınlayır."
clip_0098.wav,"İnsan hadisə yerindən canlı görüntünü izləyir."
clip_0099.wav,"Artıq tamaşaçı məlumat almaq üçün axşam ki, saat doqquz xəbərləri gözləmirəm, bunu qəbul etmək lazımdır. Yəni məsələ təkcə internetdədir."
clip_0100.wav,"Tamaşaçısını öz əli ilə itirib."
clip_0101.wav,"Çünki uzun illər ərzində eyni format təkrarlanır."
clip_0102.wav,"Eyni mövzular, eyni qonaqlar, eyni mübahisələr, eyni verilişlər, eyni qalmaqallar."
clip_0103.wav,"Bir proqramdan çıxan qonaq digər proqrama gedir."
clip_0104.wav,"Sabah yenə başqa kanalda eyni adamları görürük."
clip_0105.wav,"Tamaşaçı isə yeni fikir."
clip_0106.wav,"Yeni sima, yeni yanaşma tərzi gözləyir."
clip_0107.wav,"Komunal xidmətlər, regionlarda insanların üzləşdiyi çətinliklƏr."
clip_0108.wav,"Bunlar cƏmiyyƏtin gündƏlik hƏyatının bir hissƏsidir, yoxsa çal oynasın əjdər əmi, şo xarakterli verilişlƏr nƏ bilim, gƏl mƏnƏ  addım-addım."
clip_0109.wav,"Bir çay ver içim mən, nə bilim əmim oğlu toy eliyir, boş-boş mənasız o efirlərə gətirdiz mahnılarla, bayağı mahnılarla yox."
clip_0110.wav,"Elə proqramlar olsun ki, valideyn övlad mən oğlumla rahat izləyə bilib, bu gün mən oğlumla birlikdə rahat çəkildə televiziya baxa bilərəmmi?"
clip_0111.wav,"Baxa bilərsizmirsiz, gəlin təmiz danışaq da."
clip_0112.wav,"Marifləndirici layihələr çoxalsın, elm adamları çıxsın efirə, gənc ixtiraçılar tanıdılsın, kənd təsərrüfatı, texnologiya, tarix, mədəniyyət."
clip_0113.wav,"Bu proqramlar hazırlansın, əsasında özəl kanallar sizə aiddir."
clip_0114.wav,"Azərbaycanın bölgələri tanıdılsın, istedadlı insanlar efirdə yer alsın, reytinq naminə qalmaqal yox, keyfiyyət uğrunda rəqabət olsun."
clip_0115.wav,"Bu gün YouTube, Facebook, TikTok və digər platformalar sürətli inkişaf edir, bunun səbəbi təkcə texnologiya deyil."
clip_0116.wav,"İstədiyi vaxt izləmək istəyir."
clip_0117.wav,"İstədiyi mövzunu özü seçmək istəyir."
clip_0118.wav,"İnsanları məcburiyyətdən yox."
clip_0119.wav,"Ehtibar etdikləri üçün televiziyaya baxmalıdırlar."
clip_0120.wav,"göstərişlə kimsə diktəsi ilə olmur."
clip_0121.wav,"Ehtibar illərlə qazanılır, televiziyalar siz o etibarı itirmisiz, tamaşaçı eşitsə ki."
clip_0122.wav,"Səbəb internetdimi, yoxsa televiziya özü tamaşaçısını itirib, fikirlərinizi şərhlərdə yazmağı xahiş edirəm, videonu bəyəndinizsə."
clip_0123.wav,"Paylasın, kanalıma abunə olun və növbəti videolarda yenidən görüşmək ümidi ilə. Sağ olun."
clip_0124.wav,"Dəmir yumruqla düşmən başa əzdik, Allah Azərbaycanımızı, dövlətimizi və ordumuzu qorusun."
clip_0125.wav,"Həftə ərzində gündəmi zəbt edən mövzularla bağlı mən Raiyyət İmamƏliyev vətəndaş mövqeyimlə  qarşınızdayam."
clip_0126.wav,"Xahiş edirəm kanalıma abunə olub bəyanəsiniz."
clip_0127.wav,"Azərbaycan artıq cərimələr ölkəsinə çevrilib."
clip_0128.wav,"Narco ticarət dedikdə Kolumbiya, futbol dedikdə Braziliya necə ağıllara gəlirsə,"
clip_0129.wav,"Cərimə adı gələn də də ağıllara ilk Azərbaycan gəlir."
clip_0130.wav,"Metro və avtobuslarda, yay xanaraq, ayaqlarını geniş açaraq oturan sərnişinlər."
clip_0131.wav,"Çərmə oluna və ya 15 günədək inzibati həbsə məruz qala bilərlər."
clip_0132.wav,"Bəlkə bu metroda oturan kişinin prostatında problem var, və ya ayaqlarının arasına çiban çıxıb, və ya nəsə olub açıq demək istəmirəm."
clip_0133.wav,"Bu kişi ayaqlarını aralamadan necə otursun?"
clip_0134.wav,"Və ya güngörməzinə üzr istəyirəm, ağac batıb, babasili var, o yayxammadan necə otursun?"
clip_0135.wav,"Ya bu Azərbaycan cəmiyyətini barmağınıza dolamısız, ya da təfəkkürünüz bundan artıq deyil."
clip_0136.wav,"Başa düşürəm, bəziləri az qala uzanıb iki nəfərin yerini tutur."
clip_0137.wav,"Bəzisə oturan kimi yan oturacaq bir çantasını qoyur, camaat otura bilmir."
clip_0138.wav,"Bu istimai qanaqla və ya sürücü tərəfindən həmin sərnişinə."
clip_0139.wav,"İkinci oturacağın pulunu ödətdirməklə və ya avtobusdan düşürülməklə."
clip_0140.wav,"Üzümü Azərbaycanda bƏzi qanun tƏklifi verƏn hüquqşünaslara, aidiyyatı orqanlara tuturam."
clip_0141.wav,"BelƏ mƏnasız boş-boş tƏşriflƏrinizdƏn vaz keçin."
clip_0142.wav,"Azərbaycanda o qədər qəbul olunması mühüm qanunlar var ki."
clip_0143.wav,"O qədər var ki, inanın, bu bir həqiqətdir."
clip_0144.wav,"Xəyanət haqda qanun təklifi verin ki,"
clip_0145.wav,"Ailəli 50 yaşlı kişinin cavan bir qızı qaçırıb özünə üçüncü arvad etmək istəyi olmaz."
clip_0146.wav,"Xəyanət haqqında qanun təklifi verin ki,"
clip_0147.wav,"Arvad iki uşağı ilə ərini evdə buraxıb qonşu oğlana qoşulub Bakıya qaçmasın."
clip_0148.wav,"Qanun təklifi verin ki, saxta bəy gəlin xidməti dələduzluq hesab edilib cəzalandırılsın."
clip_0149.wav,"əmlak hədiyyəsi qanununuza düzəliş edin."
clip_0150.wav,"Bax bunların qarşısını alan qanun lahiyələri qəbul edin, yoxsa arvad ərinə daha səni sevmirəm desə məsuliyyəti var?"
clip_0151.wav,"Ər arvadına çay gətir desə, arvad gətirməsə, arvad hərəkətin xoşuna gəlmədi sözü."
clip_0152.wav,"İnzibati məsuliyyətdirsə, harda görünüb bu?"
clip_0153.wav,"Bəlkə ər-arvad arasındakı bu intim münasibətlərin sayına görədəmi bir qanun qəbul edəsiz, da əlinizi bulanırsız, məhrəmimizin evimizin içinə girmisiz də?"
clip_0154.wav,"Müəllim Şagirdə ucadan, ayə süleyman, sakit ol desə."
clip_0155.wav,"Psixoloji şiddətdir və müəllim 300 manat cərimə olunacaq, harda görürlər?"
clip_0156.wav,"Mağazadan evə ərzaq alanda külək salafan torbanı uçurtsa və ya əlindən paket çırılsa, yerə tökülsə, ətraf mühidi zibillətdin cəriməsi var."
clip_0157.wav,"Yolda it sənə hücum çəksə, sən itə təpik vursan cərim olunursan."
clip_0158.wav,"itin hüquqları qorunubsa, bəs bizim hüquqlar harda qaldı?"
clip_0159.wav,"Avtobus yolu cərimə, elektron siqaret çəksən cərimə, başa düşdü bunları, başa düşdü."
clip_0160.wav,"Əhalinin cibinə girməklə bütün cərimələri tətbiq etmək olmaz axı."
clip_0161.wav,"Yox əgər sırf əhalini cərimələmək fikriniz varsa, qoyun mən bir-iki təklif verim sizə."
clip_0162.wav,"Gündə yalnız üç dəfə öskürməyə icazə verilir."
clip_0163.wav,"Bu qanun təkliflərini versəz, mən təəccüblənmərəm, heç kəs təəccüblənməz."
clip_0164.wav,"Güya arada bir əhalini düşürüb."
clip_0165.wav,"Qanun təklifə verirsiniz."
clip_0166.wav,"təklif verirsiz, media başlıqları da partladır, əhaliyə şad xəbər."
clip_0167.wav,"Muştuluğumuzu verin."
clip_0168.wav,"Cərimə olunmuş maşınların yanında sürücüsü yoxdursa."
clip_0169.wav,"Protoqor şüşənin üstünə qoyumayacaq."
clip_0170.wav,"Ə bunun harası şad xəbəri oldu, nəsi muştuluqdur."
clip_0171.wav,"Hə, nə fərq var ki, şüşənin üstünə qoyuldu, qoyulmadı. Əsas o cərimə yazılıb e."
clip_0172.wav,"Sürücüyə maraqlı deyil o protokol şüşənin üstündədir, yoxsa yox?"
clip_0173.wav,"Sürücüyə maraqlıdır ki, bu cərimənin pulunu hardan tapıb ödəyəcək?"
clip_0174.wav,"Hüquq fakültəsinin bir tələbəsi ötən gün sosial şəbəkədə bir yazı paylaşıb."
clip_0175.wav,"Deyir ki, universitetdən çıxıb evə gedən də."
clip_0176.wav,"Parkda gözəl bir qızla rastlaşdın."
clip_0177.wav,"Tanış olmaq üçün bəhanı axtardım, cibimdən bir 50 manat çıxarıb üstünə öz telefon nömrəmi yazdım."
clip_0178.wav,"Mənim verdiyim o 50 manatı dönerçiyə verdi və döner aldı, qalıq pulunu da."
clip_0179.wav,"Cibinə qoyub avtobuza minib çıxdı getdi."
clip_0180.wav,"Həmin tələbə əlavə edərək yazır ki, dönər satan qızın verdiyi o puldaçı nömrənin."
clip_0181.wav,"Qıza aydın olduğunu düşünüb."
clip_0182.wav,"Və gecə sәhәrә qәdәr hәmin dönәr satan mәnә durmadan whatsapp-da mesaj yazıb ki."
clip_0183.wav,"Dönәrim xoşunuza gәldimi?"
clip_0184.wav,"Deyәsәn mayanezli dönәri daha çox sevirsiz."
clip_0185.wav,"Bax elә hәmin oğlan kimi."
clip_0186.wav,"hüquq fakültüәslindә imtahan vә zasotları."
clip_0187.wav,"Görün baxımlar verənlərdir."
clip_0188.wav,"Çılğın dondurmaçı və Nadir Qafarzadə haqda bir video buraxmışdım və demişdim ki, cündəmə Nadir Qafarzadə adlı bir müğənni damğa vurub."
clip_0189.wav,"Deyib ki, bir türk dondurmaçısı arvadlarınızı, qızlarınızı qabağında oynadır."
clip_0190.wav,"20 faizi çıxmaq şərti ilə cəmiyyət üzünü üzə tüpürüm, tinənizə tüpürüm, həmin dondurmasın, dediklərinə qulaq asın."
clip_0191.wav,"Şimdi bizim yeni konsepimiz sadəcə çocuk var, sadəcə balalar. Çünki nədən?"
clip_0192.wav,"Amma ayı, dans eləyən bayanların hepsi Yavancı, Azərbaycanlı bir yadanda aydın oldu ki, dondurması bu şoğunun uşaqları üçün edib."
clip_0193.wav,"Və rəqs edənlərin əşh səriyyatı da xarici turistlər olub, əgər orada rəqs edən Azərbaycanlı xanım var idisə tanıyırdınızsa,"
clip_0194.wav,"Niyə tənqid etmədiniz, niyə istimailəşdirmədiniz, niyə demədiniz?"
clip_0195.wav,"Lap Azərbaycanlı xanım var idisə, burda dondurmasının nə günahı var ki, bu adamın Türkiyədəki şovlarına minlərlə turist,"
clip_0196.wav,"Bu çılğın dondurması üçün Türkiyəyə gəlir, Türkiyəli dondurması da yaşı Azərbaycan sədaları altında insanları əyləndirir."
clip_0197.wav,"Tanınmış bir jurnalistin və ya bir istimai fiqurun."
clip_0198.wav,"Lap belə dondurması qarşısında rəqs edən xanımlara tənqidi normaldır."
clip_0199.wav,"Pis baxmıram, amma bədbəxtçilik budur ki, bunu haqq olmayan nadir deyir və hansı nadir?"
clip_0200.wav,"Televiziyalardan qovulduğu üçün daha toylara çağılmadığı üçün gündəmə gəlmək məqsədilə deyir."
clip_0201.wav,"Nadir Qafarzadə Azərbaycan vətəndaşlarına manipulyas etmək istəyir."
clip_0202.wav,"Paşa təfəkkürləri də tuturam."
clip_0203.wav,"Namus qeyrәt, bazarda satılmır ki, kimsә onu pulla alsın."
clip_0204.wav,"Əxlaqsızlığa qarşı mübarizә."
clip_0205.wav,"Gözlәrinizә eynәş taxıb saqqal buraxıb priuslarda, bәy edәlәrdә video çәkmәklә, camaata Əxlaq dәrsi çıxmaqla olmur."
clip_0206.wav,"Mәtbәxdә video açıb camaata ağıl öyrәtmәslә dә olmur."
clip_0207.wav,"Hәmin hadisәni az qala Əxlaq Əldәn gedir deyib."
clip_0208.wav,"Hay qıranlara bir sual verměk istěyirěm."
clip_0209.wav,"İfadəmə görə də üzr istəyirəm, eşçəyə küçü çatmayanım, palam da yazılmağına ehtiyac yoxdur, deyə."
clip_0210.wav,"Elə həmin ərazidə az qala 20-30 gecə klubu var."
clip_0211.wav,"Qocaqlardan qucağa hoppanmasın."
clip_0212.wav,"Gircə klublarını qoyuram kənara, elə günün gündüz çağı Tarqova adlanan ərazidə fahşələrin ərəbovu."
clip_0213.wav,"Nefçilərdən Bakıxanova gedən yolda, Şamaxinqa tərəflərdə cinsi azlıqların fəaliyyəti, Xırdalan dairəsində bədən alveri."
clip_0214.wav,"Bilməyən və görməyən yoxdur, niyě sěsiniz çıxmırdı?"
clip_0215.wav,"Gözünüzün qabağında tik-tokda yüzlərlә cәns qız intim xidmәt tәslif edir."
clip_0216.wav,"Verizarı sövüb görəndə onunla foto çәkdirәnlәr, niyě sěsiniz çıxmır?"
clip_0217.wav,"Azərbaycanda ən həssas damar əxlaq damarıdır."
clip_0218.wav,"Amma bu əxlaq damarına basan, millətə əxlaq dərsi keçən adamın da kimliyə əsasçıiyyətdir, elə ona görə də."
clip_0219.wav,"Azərbaycanın namusunun qeyrәtini lәkәlәndiyi 26-sı fevral Xocalı soyqırmıcını İsraildə konsert verə Nadir Qafarzadə."
clip_0220.wav,"Cəmiyyətə əxlaq dәrsi keçәrәk bәzilәri üçün hәqiqәt çarçısına çevrilir."
clip_0221.wav,"Mәn elә onlardan biri dә Nadir Qafarzadęni hesab edirәm."
clip_0222.wav,"Səhnělěrdě Əxlaqsızlıq tƏbliğ olunur deyib."
clip_0223.wav,"İnsanları manipulyasiya edƏn."
clip_0224.wav,"O Əxlaqsızlığı sƏhnělƏrƏ nadir sizlƏr gƏtirmisiz, biri sƏn."
clip_0225.wav,"Ayam Babatişiyevanı arxadan qucaqlayıb başını onun sinėsinė qoyan."
clip_0226.wav,"SƏhnědƏ qƏdƏk sındıran."
clip_0227.wav,"Biri əxlaqdan danışaraq cəmiyyətin 20%-ni çıxmaq şərti ilə qalan 80%-ni, yəni 10 milyonluq xalqın 8 milyonunun."
clip_0228.wav,"Siz bunu qəbul etsəniz də."
clip_0229.wav,"Etməsəniz də, tarix bizim türk olduğumuzu sübut edir."
clip_0230.wav,"Oynamaq başqa şey, oynatmaq məcburi şəkildə olur."
clip_0231.wav,"Oynamaq isə könüllü şəkildə olur."
clip_0232.wav,"Belə çıxır ki, toylarda heç kəs xanımlarını, qızlarını rəqs etməyə qoymasın ki, oxuyan kişi müğənnidir?"
clip_0233.wav,"Çişi müğənni toyda qadınlarımızı qabağında oynadır deyə düşünməli?"
clip_0234.wav,"Və ya toyda oxuyan müğənniyə yaxınlaşıb milli şimliliyini öyrənib sonra qızımızı rəqs etməsinə icazə verməliyik?"
clip_0235.wav,"Toy müğənnisinin də, klonun da, şomenin də, tərxəyin də əsas funksiyası insanlara əyləndirməkdir."
clip_0236.wav,"Pul müqabilində biriçi qadın və uşağın yaşı Azərbaycan oxuyan dondurmaçı ilə."
clip_0237.wav,"Rəqsində qəbahət nədir ki?"
clip_0238.wav,"Sənin onların özünə tüpürměyě cěsarětini çatarmı?"
clip_0239.wav,"Cennifer Lopez parçaya gělměsin ki, fanatları oynayar."
clip_0240.wav,"Nadirin acığına gělěr?"
clip_0241.wav,"Tarkan oxumasın ki, insanlar qabağında oynayar."
clip_0242.wav,"Nadiri narahat edƏr."
clip_0243.wav,"Nadir QafarzadƏ toyda oxuyanda millƏt rƏqs edir, onda belƏ çıxır ki, Nadir qadın vƏ qızlarımızı qabağında oynadır?"
clip_0244.wav,"Adam Aynes kanalında Türçəli vığınlara paxıllıq etdi."
clip_0245.wav,"Və Azərbaycan Türkiyə qardaşlığına çirəyənlik bayaq dedim, yaltaqlıq adlandırdı."
clip_0246.wav,"Sonra özü kirəyənli, yaltaqlıq etdi, üzr istəyirəm, dedi ki, mən Türk deyiləm, ulu öndər demişəm, mən fəxr edirəm ki, Azərbaycanlıyam."
clip_0247.wav,"Bu tüc düşməni başa düşmür ki, ulu öndər o sözü Azərbaycanda yaşayan bütün millətlərə deyib, vətəndaşlıq mənasında deyib."
clip_0248.wav,"Azərbaycanda yaşayan bu ölkənin vətəndaşı olan rusda, türk dƏ, talış da, lƏzgi dƏ vƏ sairƏ hamısı vƏtƏndaş olaraq azƏrbaycanlılardır."
clip_0249.wav,"Hələ millətlə vƏtƏndaşlıq anlayışını bilměyěn bu adam düşünmědi ki."
clip_0250.wav,"Elə ulu ömründə Rövzu demişdi də, Azərbaycan və Türkiyə bir millət içi dövlətdir, öz millətini tanımayan çıxıb Azərbaycan cəmiyyətinə,"
clip_0251.wav,"Özünü tanımayanlar üzünüzə tüpürüm 80% deyir, başa düşmürəm."
clip_0252.wav,"Şov biznesdə bir yandan deyib qışqıranların gözlərinə elə bir dondurmasını yaşı Azərbaycanı gəldi?"
clip_0253.wav,"Rusiyanı sevən, amma Türkiyəni sevməyən Nadir."
clip_0254.wav,"İstirahatını niyə Türkiyənin Antalya şəhərində seçilir, əgər Türkiyəni sevmirsə?"
clip_0255.wav,"Ayla, ay pasya təfəkkürlülər, bəziləri, elə Nadir Qafarzadənin millətə əxlaq dərsi keçməyinə görədir ki."
clip_0256.wav,"Bu gün Velizar Bayram qəhrəmana çevriliblər az qala."
clip_0257.wav,"Qazı qalxır, suyu qalxır, pensiya yaşı qalxır, fərqində deyil, amma Nadir Qafarzadənin sərsəm danışıqları bu cəmiyyətdə gündən olub, çox təəssüf."
clip_0258.wav,"Fişirləriniz maraqlıdır mənim üçün."
clip_0259.wav,"Bizim cəmiyyəta İmam olanda yazıq olub, Yezid olanda, vətəndaş mövqemləri Ayət İmam Əliyev."
clip_0260.wav,"Nə qədər dilə tuturlarsa xeyir yoxdur."
clip_0261.wav,"Ondan sonra ki, mərasimlərdə eybi yox, siz deyən olsun, yezi də olaqam."
clip_0262.wav,"Axırda məcbur olub gedib qonşu kənddən, Yezid rolunu aparaq bir kişi tapıb gətirirlər, Məşədi Həmziyə də iman paltarını geydirib taxta qaldırırlar."
clip_0263.wav,"İndi gələc taleh Yüzběyovun tƏbirliklƏ bağlı reklamını."
clip_0264.wav,"Həqiqətən də bizim cəmiyyətə imam olanda yazıq olub."
clip_0265.wav,"Bu maral Ceyran heyvanla müqayisə etměyin, Əzizim."
clip_0266.wav,"Bunun adına vəsif deyirlər."
clip_0267.wav,"Və dünyada elə atı götürəcək, at həm Muraddır, həm də Vəfas Sədaqət rəmzidir, nə var ki burda?"
clip_0268.wav,"Bilirsinizmi, talih Yüzbəyovdan xoşumuz gəlməyə bilər."
clip_0269.wav,"Pul qazanmaq, həci tapmaq, alimetlərə gedən yolu genişləndirmək, ailə dağıtmaq. Əşi, Ərdini?"
clip_0270.wav,"Özünüz bilərsiniz, amma adamı tənqid və təhqir etměz sizin haqqınız deyil."
clip_0271.wav,"Təbirli sevmirsinizsə, niyě mağazalarda broiler yox, tƏbii kƏnd, yumurtası axtarırsız?"
clip_0272.wav,"Broiler toyuqdan çox niyə restoranlarda çənd sol pası sifariş verirsiz?"
clip_0273.wav,"Milla süd məhsullarını yox, niyə çatdan təbi, inəş südü qətizdirirsiz, əgər təbirliyə irad bildirirsizsə?"
clip_0274.wav,"Belələrinin, mən hamını nəzərdə tutmuram, o silikon bədən sahiblərinə, taleh bəyi təhqir edənləri deyirəm, belələrinin beyni başında yox."
clip_0275.wav,"Çöhnə zaporojes avtomobilləri kimi arxasındadır, dalındadır."
clip_0276.wav,Adamı ƏrsƏn deyib alqışlamağa ƏvƏzinƏ.
clip_0277.wav,"Tənqid edirsiz, şəxsən mən deyirәm, halal olsun Talih İzběyov."
clip_0278.wav,"Aya Prima adlı bir bloger var, bəlkə adını səhv deyərəm üzr istəyirəm."
clip_0279.wav,"Dediyinə görə, bu o cəridir."
clip_0280.wav,"Yaxşı sarkazm ustasıdır."
clip_0281.wav,"Özü də savadlı qızdır, bildiyim qədəri ilə."
clip_0282.wav,"Özü də yüksək balla qəbul olub."
clip_0283.wav,"Sadəcə olaraq təhsil aldığı hüquq ixtisası ilə məskul olsaydı, daha gözəl olardı."
clip_0284.wav,"Bu ocağa neft benzin atanlardan biri də odur, dahi Nəsrəddin Tusi bir bostanın yanından keçəndə qarpız almaq istəyir."
clip_0285.wav,"Bostancı qartızları düzür və bir-bir göstərib deyir, bax bu qartızın içi qırmızıdır, amma şirin deyil."
clip_0286.wav,"O biri qarpızın içi bir az ağdır, amma şirindir, üçüncü qarpızı göstərir ki, bu qarpızın içi həm qırmızıdır, həm də şirindir."
clip_0287.wav,"Bostançının bütün dedikləri doğru çıxır."
clip_0288.wav,"Nəsrəddin Tusi əlini bostansının çiyninə qoyur və deyir."
clip_0289.wav,"Bostancı, başın yaxşı başdır, heyfçi qarpıza sərf etmisən."
clip_0290.wav,"Bəzi qadınların küçüyə düşərək həm cinslərimi müdafiƏ edirƏm düşüncƏlƏrinƏ gƏlincƏ."
clip_0291.wav,"HƏm cins, mƏn cins, boş şeydir, başını buraxın."
clip_0292.wav,"Çişi vƏ qadın hüquqları bƏrabƏrdir."
clip_0293.wav,"Onda Azərbaycanda əxlaqsızlığı sosial şəbəkələrdə təbliğ edən, verizarı, bayramı mən tənqid etməyim ki, həm cinsimdir."
clip_0294.wav,"Mövzudan mövzu çıxarmayın."
clip_0295.wav,"Taleh bəy haqlı oğlu ola, onu az qala xain çıxartmağa çalışmayın."
clip_0296.wav,"Adi bir təbii-liş reklamına min don geydirib."
clip_0297.wav,"Özünüzə yaxşı baxın və kanalımı izləmədə qalın."
clip_0298.wav,"Mirşahın deyir ki, hamı televiziyaya baxmalıdır."
clip_0299.wav,"Hamı televiziya izləməlidir, hətta televiziya izləməməz."
clip_0300.wav,"Diş yumamaq, çim məmək kimi."
clip_0301.wav,"İllər əvvəl televiziya evimizin baş cür şəhzində idi."
clip_0302.wav,"Bu gün insanların böyük hissəsi xəbəri mobil telefondan alır."
clip_0303.wav,"Sosial şəbəkələr hadisəni saniyələr içində yayınlayır."
clip_0304.wav,"İnsan hadisə yerindən canlı görüntünü izləyir."
clip_0305.wav,"Artıq tamaşaçı məlumat almaq üçün axşam saat doqquz xәbәrlәri gözlәmir, bunu qәbul etmәk lazımdır. Yәni mәsәlә tәkcә internetdә deyil."
clip_0306.wav,"Tamaşaçısını öz Əli ilƏ itirib."
clip_0307.wav,"Çünki uzun illər ərzində eyni format təşrarlanır."   
clip_0308.wav,"Eyni mövzular, eyni qonaqlar, eyni mübahisələr, eyni verilişlər, eyni qalmaqalılar."
clip_0309.wav,"Bir proqramdan çıxan qonaq digər proqrama gedir."
clip_0310.wav,"Sabah yenə başqa kanalda eyni adamları görürük."
clip_0311.wav,"Tamaşaçı isə yeni fikir."
clip_0312.wav,"Komunal xidmətlər, regionlarda insanların üzləşdiyi çətinliklər."
clip_0313.wav,"Bunlar cəmiyyətin gündəlik həyatımın bir hissəsidir, yoxsa çal oynasın Əjdər əmi, şo xarakterli verilişlər nə bilim, gəl mənə addım addım."
